{"stats":{"minecraft:mined":{"minecraft:cobblestone_stairs":25,"minecraft:jungle_leaves":4,"minecraft:brewing_stand":1,"minecraft:obsidian":15,"minecraft:granite":19,"minecraft:grass_block":28,"minecraft:jungle_log":4,"minecraft:cracked_polished_blackstone_bricks":2,"minecraft:oxeye_daisy":1,"minecraft:nether_wart":10,"minecraft:gilded_blackstone":1,"minecraft:spawner":1,"minecraft:tall_seagrass":29,"minecraft:polished_blackstone_bricks":18,"minecraft:cobbled_deepslate":5,"minecraft:barrel":2,"minecraft:iron_ore":32,"minecraft:fire":11,"minecraft:deepslate_lapis_ore":11,"minecraft:twisting_vines":21,"minecraft:dirt_path":5,"minecraft:oak_stairs":392,"minecraft:deepslate_redstone_ore":52,"minecraft:blackstone":21,"minecraft:kelp_plant":301,"minecraft:twisting_vines_plant":32,"minecraft:poppy":1,"minecraft:chest":4,"minecraft:white_stained_glass_pane":9,"minecraft:nether_quartz_ore":1,"minecraft:cobblestone":405,"minecraft:oak_planks":206,"minecraft:sugar_cane":8,"minecraft:bricks":2,"minecraft:iron_door":15,"minecraft:seagrass":4,"minecraft:warped_nylium":4,"minecraft:warped_planks":1,"minecraft:yellow_stained_glass_pane":10,"minecraft:oak_fence_gate":1,"minecraft:sand":63,"minecraft:dirt":22,"minecraft:netherrack":203,"minecraft:oak_leaves":2,"minecraft:deepslate":220,"minecraft:nether_gold_ore":6,"minecraft:tuff":10,"minecraft:mossy_cobblestone":40,"minecraft:deepslate_diamond_ore":5,"minecraft:oak_door":19,"minecraft:shulker_box":3,"minecraft:nether_bricks":116,"minecraft:kelp":26,"minecraft:cartography_table":1,"minecraft:hay_block":37,"minecraft:oak_trapdoor":10,"minecraft:jungle_sapling":20,"minecraft:light_gray_shulker_box":2,"minecraft:andesite":14,"minecraft:bell":2,"minecraft:vine":12,"minecraft:cobblestone_slab":2,"minecraft:deepslate_iron_ore":14,"minecraft:rail":34,"minecraft:warped_stem":39,"minecraft:stone":64,"minecraft:oak_slab":10,"minecraft:glass_pane":25,"minecraft:basalt":277,"minecraft:dandelion":1,"minecraft:oak_fence":3,"minecraft:crafting_table":2,"minecraft:cornflower":1,"minecraft:short_grass":36,"minecraft:warped_roots":1,"minecraft:tall_grass":4,"minecraft:deepslate_gold_ore":18,"minecraft:lapis_ore":3,"minecraft:warped_wart_block":1,"minecraft:cobblestone_wall":3,"minecraft:yellow_bed":2,"minecraft:coal_ore":20,"minecraft:cherry_leaves":1,"minecraft:sunflower":1,"minecraft:gravel":92,"minecraft:cracked_stone_bricks":1,"minecraft:stone_bricks":2,"minecraft:mossy_stone_bricks":2},"minecraft:killed":{"minecraft:witch":2,"minecraft:spider":3,"minecraft:skeleton":18,"minecraft:silverfish":1,"minecraft:magma_cube":2,"minecraft:piglin":4,"minecraft:pig":2,"minecraft:zombie_villager":1,"minecraft:iron_golem":4,"minecraft:creeper":3,"minecraft:sheep":2,"minecraft:donkey":1,"minecraft:zombie":31,"minecraft:ghast":5,"minecraft:blaze":17,"minecraft:cow":3,"minecraft:horse":2,"minecraft:villager":2,"minecraft:enderman":6},"minecraft:used":{"minecraft:cherry_sapling":1,"minecraft:iron_shovel":207,"minecraft:poppy":5,"minecraft:chest":7,"minecraft:shield":123,"minecraft:iron_sword":369,"minecraft:bell":1,"minecraft:jungle_planks":2,"minecraft:nether_bricks":113,"minecraft:tuff":5,"minecraft:azure_bluet":1,"minecraft:obsidian":10,"minecraft:jungle_sapling":31,"minecraft:grass_block":1,"minecraft:crimson_roots":2,"minecraft:bow":82,"minecraft:hay_block":3,"minecraft:oak_planks":38,"minecraft:blackstone":14,"minecraft:diamond_axe":27,"minecraft:sugar_cane":2,"minecraft:jungle_boat":6,"minecraft:golden_apple":2,"minecraft:diamond_sword":220,"minecraft:andesite":9,"minecraft:oak_boat":4,"minecraft:bone_meal":48,"minecraft:flint_and_steel":1,"minecraft:netherrack":151,"minecraft:light_gray_shulker_box":2,"minecraft:dirt":57,"minecraft:anvil":1,"minecraft:twisting_vines":2,"minecraft:shulker_box":3,"minecraft:iron_axe":737,"minecraft:jungle_log":71,"minecraft:iron_boots":1,"minecraft:basalt":82,"minecraft:cobbled_deepslate":80,"minecraft:water_bucket":39,"minecraft:polished_blackstone_bricks":19,"minecraft:crafting_table":3,"minecraft:warped_planks":29,"minecraft:diamond_pickaxe":621,"minecraft:oxeye_daisy":1,"minecraft:sunflower":1,"minecraft:iron_pickaxe":1086,"minecraft:cobblestone":259,"minecraft:cooked_porkchop":116,"minecraft:bucket":41,"minecraft:yellow_bed":2,"minecraft:stripped_oak_log":1},"minecraft:killed_by":{"minecraft:wither_skeleton":1,"minecraft:enderman":1,"minecraft:iron_golem":1},"minecraft:picked_up":{"minecraft:iron_chestplate":2,"minecraft:wheat":7,"minecraft:light_gray_shulker_box":2,"minecraft:oak_stairs":251,"minecraft:gilded_blackstone":3,"minecraft:brewing_stand":2,"minecraft:string":21,"minecraft:iron_leggings":2,"minecraft:diamond_leggings":1,"minecraft:gold_nugget":29,"minecraft:cobbled_deepslate":251,"minecraft:bucket":2,"minecraft:cobblestone_slab":2,"minecraft:iron_pickaxe":2,"minecraft:iron_boots":2,"minecraft:stick":195,"minecraft:oak_fence":6,"minecraft:torch":26,"minecraft:porkchop":8,"minecraft:warped_planks":145,"minecraft:rotten_flesh":69,"minecraft:blaze_rod":43,"minecraft:obsidian":16,"minecraft:cobblestone":585,"minecraft:iron_door":15,"minecraft:andesite":14,"minecraft:water_bucket":1,"minecraft:jungle_log":1452,"minecraft:potato":5,"minecraft:flint":3,"minecraft:tuff":9,"minecraft:lapis_lazuli":87,"minecraft:dirt":100,"minecraft:twisting_vines":106,"minecraft:bone":41,"minecraft:bow":4,"minecraft:wheat_seeds":22,"minecraft:raw_gold":19,"minecraft:bell":2,"minecraft:mossy_stone_bricks":6,"minecraft:diamond_helmet":2,"minecraft:oak_planks":248,"minecraft:cooked_porkchop":68,"minecraft:warped_wart_block":1,"minecraft:oak_pressure_plate":1,"minecraft:jungle_planks":18,"minecraft:barrel":2,"minecraft:shulker_box":4,"minecraft:mossy_cobblestone":44,"minecraft:sugar":2,"minecraft:yellow_carpet":4,"minecraft:diamond":6,"minecraft:cracked_polished_blackstone_bricks":6,"minecraft:granite":20,"minecraft:golden_apple":8,"minecraft:emerald":53,"minecraft:bread":3,"minecraft:oak_sapling":35,"minecraft:netherrack":300,"minecraft:bricks":2,"minecraft:crimson_roots":2,"minecraft:diamond_pickaxe":2,"minecraft:crafting_table":2,"minecraft:azure_bluet":3,"minecraft:nether_wart":10,"minecraft:ladder":10,"minecraft:shield":1,"minecraft:cornflower":7,"minecraft:oak_trapdoor":10,"minecraft:iron_axe":15,"minecraft:flint_and_steel":1,"minecraft:white_carpet":4,"minecraft:iron_shovel":1,"minecraft:blackstone":24,"minecraft:cracked_stone_bricks":2,"minecraft:cartography_table":1,"minecraft:beef":8,"minecraft:oak_boat":7,"minecraft:jungle_sapling":145,"minecraft:poppy":28,"minecraft:sugar_cane":15,"minecraft:chest":5,"minecraft:raw_iron":52,"minecraft:oak_door":25,"minecraft:polished_blackstone_bricks":19,"minecraft:redstone":257,"minecraft:arrow":289,"minecraft:diamond_chestplate":2,"minecraft:nether_bricks":132,"minecraft:diamond_boots":1,"minecraft:hay_block":71,"minecraft:gold_ingot":1,"minecraft:mutton":3,"minecraft:rail":34,"minecraft:white_wool":2,"minecraft:oxeye_daisy":2,"minecraft:stripped_oak_log":4,"minecraft:jungle_boat":11,"minecraft:basalt":468,"minecraft:glow_ink_sac":3,"minecraft:leather":5,"minecraft:oak_log":54,"minecraft:gunpowder":18,"minecraft:yellow_bed":2,"minecraft:cobblestone_wall":3,"minecraft:cobblestone_stairs":27,"minecraft:paper":5,"minecraft:stone_bricks":9,"minecraft:kelp":287,"minecraft:warped_stem":44,"minecraft:oak_fence_gate":2,"minecraft:iron_ingot":57,"minecraft:iron_sword":2,"minecraft:oak_slab":12,"minecraft:quartz":14,"minecraft:dandelion":18,"minecraft:gravel":57,"minecraft:spider_eye":5,"minecraft:diamond_shovel":1,"minecraft:iron_helmet":2,"minecraft:diamond_axe":1,"minecraft:cherry_sapling":1,"minecraft:warped_roots":9,"minecraft:warped_nylium":28,"minecraft:coal":7,"minecraft:ender_pearl":18,"minecraft:sunflower":13},"minecraft:dropped":{"minecraft:blue_shulker_box":1,"minecraft:iron_sword":3,"minecraft:porkchop":8,"minecraft:oak_pressure_plate":1,"minecraft:glow_ink_sac":3,"minecraft:diamond":4,"minecraft:warped_roots":1,"minecraft:leather":4,"minecraft:cracked_stone_bricks":2,"minecraft:cobblestone_stairs":27,"minecraft:flint":3,"minecraft:emerald":5,"minecraft:cracked_polished_blackstone_bricks":6,"minecraft:dirt":43,"minecraft:cornflower":6,"minecraft:mutton":3,"minecraft:jungle_sapling":41,"minecraft:gilded_blackstone":3,"minecraft:gold_nugget":17,"minecraft:sunflower":11,"minecraft:sugar":2,"minecraft:white_wool":2,"minecraft:bone":41,"minecraft:oak_door":25,"minecraft:gravel":57,"minecraft:blackstone":10,"minecraft:cobbled_deepslate":151,"minecraft:twisting_vines":38,"minecraft:obsidian":16,"minecraft:rotten_flesh":69,"minecraft:oak_planks":227,"minecraft:diamond_shovel":1,"minecraft:azure_bluet":1,"minecraft:poppy":19,"minecraft:oak_fence_gate":2,"minecraft:gunpowder":18,"minecraft:jungle_log":64,"minecraft:ladder":10,"minecraft:chest":1,"minecraft:basalt":193,"minecraft:arrow":10,"minecraft:beef":4,"minecraft:warped_wart_block":1,"minecraft:quartz":14,"minecraft:netherrack":95,"minecraft:water_bucket":1,"minecraft:iron_ingot":3,"minecraft:bread":3,"minecraft:oak_slab":12,"minecraft:wheat_seeds":16,"minecraft:mossy_cobblestone":44,"minecraft:oak_fence":6,"minecraft:iron_helmet":1,"minecraft:cobblestone":132,"minecraft:granite":20,"minecraft:chainmail_helmet":2,"minecraft:yellow_carpet":4,"minecraft:coal":7,"minecraft:stick":126,"minecraft:torch":26,"minecraft:iron_door":15,"minecraft:oak_stairs":256,"minecraft:iron_axe":25,"minecraft:paper":5,"minecraft:string":21,"minecraft:dandelion":17,"minecraft:redstone":18,"minecraft:bricks":2,"minecraft:kelp":287,"minecraft:oak_trapdoor":10,"minecraft:blaze_rod":6,"minecraft:cobblestone_wall":3,"minecraft:tuff":4,"minecraft:white_carpet":4,"minecraft:iron_boots":3,"minecraft:stripped_oak_log":3,"minecraft:nether_bricks":16,"minecraft:shulker_box":1,"minecraft:filled_map":1,"minecraft:cobblestone_slab":2,"minecraft:iron_chestplate":1,"minecraft:diamond_pickaxe":1,"minecraft:andesite":5,"minecraft:mossy_stone_bricks":6,"minecraft:oak_boat":4,"minecraft:oak_sapling":35,"minecraft:spider_eye":5,"minecraft:stone_bricks":9,"minecraft:bow":13,"minecraft:raw_gold":8,"minecraft:bell":21},"minecraft:crafted":{"minecraft:oak_planks":172,"minecraft:chainmail_helmet":2,"minecraft:diamond_shovel":1,"minecraft:warped_planks":176,"minecraft:diamond_helmet":1,"minecraft:iron_boots":3,"minecraft:bow":17,"minecraft:chest":3,"minecraft:arrow":256,"minecraft:emerald":43,"minecraft:diamond_axe":1,"minecraft:crafting_table":2,"minecraft:shield":2,"minecraft:stick":3678,"minecraft:iron_ingot":49,"minecraft:iron_block":3,"minecraft:gold_ingot":1,"minecraft:light_gray_dye":1,"minecraft:diamond_hoe":1,"minecraft:blue_shulker_box":1,"minecraft:bone_meal":48,"minecraft:flint_and_steel":1,"minecraft:light_gray_shulker_box":1,"minecraft:iron_axe":12,"minecraft:coal_block":2,"minecraft:diamond_sword":1,"minecraft:iron_sword":3,"minecraft:bell":21,"minecraft:air":0,"minecraft:jungle_planks":2520,"minecraft:blue_dye":1,"minecraft:oak_boat":1,"minecraft:anvil":1,"minecraft:diamond_chestplate":1},"minecraft:custom":{"minecraft:interact_with_crafting_table":17,"minecraft:open_shulker_box":48,"minecraft:bell_ring":10,"minecraft:leave_game":7,"minecraft:time_since_death":125393,"minecraft:sprint_one_cm":1150484,"minecraft:damage_blocked_by_shield":19202,"minecraft:drop":251,"minecraft:talked_to_villager":73,"minecraft:play_time":353092,"minecraft:deaths":3,"minecraft:jump":11100,"minecraft:walk_on_water_one_cm":77269,"minecraft:enchant_item":24,"minecraft:interact_with_furnace":15,"minecraft:traded_with_villager":120,"minecraft:sleep_in_bed":3,"minecraft:damage_dealt":45656,"minecraft:crouch_one_cm":68844,"minecraft:horse_one_cm":501,"minecraft:mob_kills":116,"minecraft:interact_with_anvil":19,"minecraft:climb_one_cm":2075,"minecraft:walk_one_cm":567521,"minecraft:damage_dealt_absorbed":29,"minecraft:sneak_time":21763,"minecraft:walk_under_water_one_cm":34246,"minecraft:boat_one_cm":101652,"minecraft:interact_with_blast_furnace":1,"minecraft:total_world_time":353092,"minecraft:interact_with_grindstone":23,"minecraft:time_since_rest":3427,"minecraft:damage_absorbed":71,"minecraft:damage_taken":9770,"minecraft:swim_one_cm":281696,"minecraft:fly_one_cm":2500863,"minecraft:open_chest":163,"minecraft:fall_one_cm":350458}},"DataVersion":3953}