{"stats":{"minecraft:mined":{"minecraft:oak_sapling":12,"minecraft:cobblestone_stairs":25,"minecraft:jungle_leaves":7,"minecraft:brewing_stand":1,"minecraft:obsidian":15,"minecraft:granite":19,"minecraft:grass_block":29,"minecraft:jungle_log":4,"minecraft:cracked_polished_blackstone_bricks":2,"minecraft:soul_soil":6,"minecraft:oxeye_daisy":1,"minecraft:nether_wart":10,"minecraft:spawner":1,"minecraft:gilded_blackstone":1,"minecraft:tall_seagrass":29,"minecraft:polished_blackstone_bricks":18,"minecraft:magma_block":6,"minecraft:cobbled_deepslate":5,"minecraft:barrel":2,"minecraft:iron_ore":32,"minecraft:fire":11,"minecraft:deepslate_lapis_ore":11,"minecraft:twisting_vines":21,"minecraft:dirt_path":5,"minecraft:oak_stairs":392,"minecraft:deepslate_redstone_ore":52,"minecraft:blackstone":21,"minecraft:kelp_plant":301,"minecraft:twisting_vines_plant":32,"minecraft:crimson_nylium":8,"minecraft:poppy":1,"minecraft:chest":4,"minecraft:white_stained_glass_pane":9,"minecraft:nether_quartz_ore":24,"minecraft:cobblestone":408,"minecraft:sugar_cane":51,"minecraft:oak_planks":206,"minecraft:bricks":2,"minecraft:iron_door":15,"minecraft:seagrass":4,"minecraft:warped_nylium":4,"minecraft:warped_planks":1,"minecraft:warped_fungus":1,"minecraft:yellow_stained_glass_pane":10,"minecraft:oak_fence_gate":1,"minecraft:dark_oak_sapling":9,"minecraft:sand":63,"minecraft:dirt":22,"minecraft:netherrack":1313,"minecraft:oak_leaves":5,"minecraft:deepslate":220,"minecraft:nether_gold_ore":6,"minecraft:tuff":10,"minecraft:mossy_cobblestone":40,"minecraft:deepslate_diamond_ore":5,"minecraft:oak_door":19,"minecraft:shulker_box":3,"minecraft:nether_bricks":116,"minecraft:crimson_roots":2,"minecraft:spruce_leaves":1,"minecraft:kelp":26,"minecraft:cartography_table":1,"minecraft:hay_block":37,"minecraft:oak_trapdoor":10,"minecraft:jungle_sapling":31,"minecraft:light_gray_shulker_box":2,"minecraft:andesite":14,"minecraft:bell":2,"minecraft:vine":29,"minecraft:cobblestone_slab":2,"minecraft:deepslate_iron_ore":14,"minecraft:rail":34,"minecraft:warped_stem":39,"minecraft:stone":64,"minecraft:bone_block":55,"minecraft:oak_slab":10,"minecraft:glass_pane":25,"minecraft:soul_sand":7,"minecraft:basalt":277,"minecraft:dandelion":3,"minecraft:oak_fence":3,"minecraft:crafting_table":2,"minecraft:cornflower":1,"minecraft:short_grass":72,"minecraft:warped_roots":1,"minecraft:tall_grass":14,"minecraft:deepslate_gold_ore":18,"minecraft:lapis_ore":3,"minecraft:warped_wart_block":1,"minecraft:cobblestone_wall":3,"minecraft:yellow_bed":2,"minecraft:coal_ore":20,"minecraft:cherry_leaves":1,"minecraft:sunflower":17,"minecraft:gravel":93,"minecraft:cracked_stone_bricks":1,"minecraft:stone_bricks":2,"minecraft:mossy_stone_bricks":2},"minecraft:killed":{"minecraft:zombified_piglin":1,"minecraft:witch":2,"minecraft:spider":3,"minecraft:skeleton":19,"minecraft:silverfish":1,"minecraft:magma_cube":2,"minecraft:piglin":4,"minecraft:pig":2,"minecraft:zombie_villager":1,"minecraft:iron_golem":4,"minecraft:creeper":3,"minecraft:sheep":2,"minecraft:pillager":1,"minecraft:donkey":1,"minecraft:zombie":33,"minecraft:ghast":6,"minecraft:blaze":17,"minecraft:cow":4,"minecraft:horse":2,"minecraft:hoglin":1,"minecraft:villager":2,"minecraft:enderman":6},"minecraft:used":{"minecraft:cherry_sapling":1,"minecraft:iron_shovel":207,"minecraft:poppy":5,"minecraft:chest":7,"minecraft:shield":134,"minecraft:iron_sword":369,"minecraft:bell":1,"minecraft:jungle_planks":2,"minecraft:nether_bricks":113,"minecraft:tuff":5,"minecraft:azure_bluet":1,"minecraft:obsidian":10,"minecraft:jungle_sapling":121,"minecraft:grass_block":1,"minecraft:crimson_roots":2,"minecraft:bow":97,"minecraft:hay_block":3,"minecraft:dark_oak_sapling":58,"minecraft:warped_fungus_on_a_stick":4,"minecraft:oak_planks":38,"minecraft:blackstone":14,"minecraft:diamond_axe":87,"minecraft:sugar_cane":2,"minecraft:jungle_boat":6,"minecraft:golden_apple":3,"minecraft:lectern":1,"minecraft:diamond_sword":443,"minecraft:andesite":9,"minecraft:oak_boat":4,"minecraft:bone_meal":48,"minecraft:flint_and_steel":1,"minecraft:netherrack":480,"minecraft:light_gray_shulker_box":2,"minecraft:dirt":57,"minecraft:anvil":1,"minecraft:twisting_vines":3,"minecraft:diamond_helmet":1,"minecraft:shulker_box":3,"minecraft:oak_fence_gate":1,"minecraft:iron_axe":737,"minecraft:jungle_log":111,"minecraft:iron_boots":1,"minecraft:basalt":82,"minecraft:cooked_beef":1,"minecraft:cobbled_deepslate":80,"minecraft:water_bucket":39,"minecraft:polished_blackstone_bricks":19,"minecraft:crafting_table":3,"minecraft:warped_planks":29,"minecraft:diamond_pickaxe":1826,"minecraft:oxeye_daisy":1,"minecraft:diamond_shovel":16,"minecraft:sunflower":1,"minecraft:iron_pickaxe":1086,"minecraft:fishing_rod":5,"minecraft:cobblestone":262,"minecraft:cooked_porkchop":151,"minecraft:bucket":41,"minecraft:yellow_bed":2,"minecraft:stripped_oak_log":1},"minecraft:killed_by":{"minecraft:wither_skeleton":1,"minecraft:enderman":1,"minecraft:iron_golem":1},"minecraft:picked_up":{"minecraft:iron_chestplate":2,"minecraft:wheat":7,"minecraft:light_gray_shulker_box":2,"minecraft:oak_stairs":251,"minecraft:enchanted_book":3,"minecraft:gilded_blackstone":3,"minecraft:brewing_stand":2,"minecraft:string":21,"minecraft:soul_soil":3,"minecraft:iron_leggings":2,"minecraft:diamond_leggings":1,"minecraft:gold_nugget":29,"minecraft:cobbled_deepslate":251,"minecraft:bucket":2,"minecraft:cobblestone_slab":2,"minecraft:iron_pickaxe":2,"minecraft:iron_boots":2,"minecraft:stick":530,"minecraft:oak_fence":6,"minecraft:torch":26,"minecraft:porkchop":8,"minecraft:warped_planks":145,"minecraft:rotten_flesh":77,"minecraft:blaze_rod":43,"minecraft:obsidian":16,"minecraft:cobblestone":588,"minecraft:cooked_beef":3,"minecraft:jungle_log":3379,"minecraft:iron_door":15,"minecraft:water_bucket":1,"minecraft:andesite":14,"minecraft:potato":5,"minecraft:flint":3,"minecraft:tuff":9,"minecraft:lapis_lazuli":87,"minecraft:dirt":128,"minecraft:twisting_vines":106,"minecraft:bone":55,"minecraft:bow":4,"minecraft:wheat_seeds":36,"minecraft:raw_gold":19,"minecraft:bell":2,"minecraft:mossy_stone_bricks":6,"minecraft:diamond_helmet":2,"minecraft:oak_planks":248,"minecraft:cooked_porkchop":82,"minecraft:warped_wart_block":1,"minecraft:oak_pressure_plate":1,"minecraft:jungle_planks":58,"minecraft:dark_oak_log":419,"minecraft:barrel":2,"minecraft:shulker_box":4,"minecraft:mossy_cobblestone":44,"minecraft:sugar":2,"minecraft:yellow_carpet":4,"minecraft:diamond":6,"minecraft:cracked_polished_blackstone_bricks":6,"minecraft:granite":20,"minecraft:golden_apple":8,"minecraft:emerald":110,"minecraft:bread":3,"minecraft:oak_sapling":85,"minecraft:netherrack":1460,"minecraft:bricks":2,"minecraft:crimson_roots":4,"minecraft:diamond_pickaxe":2,"minecraft:fishing_rod":2,"minecraft:crafting_table":2,"minecraft:azure_bluet":3,"minecraft:nether_wart":10,"minecraft:ladder":10,"minecraft:shield":1,"minecraft:cornflower":7,"minecraft:oak_trapdoor":10,"minecraft:iron_axe":15,"minecraft:flint_and_steel":1,"minecraft:white_carpet":4,"minecraft:iron_shovel":1,"minecraft:blackstone":24,"minecraft:cracked_stone_bricks":2,"minecraft:cartography_table":1,"minecraft:beef":8,"minecraft:oak_boat":7,"minecraft:lectern":1,"minecraft:jungle_sapling":407,"minecraft:poppy":28,"minecraft:sugar_cane":72,"minecraft:chest":5,"minecraft:dark_oak_sapling":79,"minecraft:raw_iron":52,"minecraft:oak_door":25,"minecraft:polished_blackstone_bricks":19,"minecraft:redstone":257,"minecraft:arrow":303,"minecraft:diamond_chestplate":2,"minecraft:nether_bricks":138,"minecraft:diamond_boots":1,"minecraft:hay_block":71,"minecraft:gold_ingot":1,"minecraft:mutton":3,"minecraft:bone_block":55,"minecraft:rail":34,"minecraft:white_wool":2,"minecraft:oxeye_daisy":2,"minecraft:stripped_oak_log":4,"minecraft:jungle_boat":11,"minecraft:basalt":468,"minecraft:glow_ink_sac":3,"minecraft:leather":7,"minecraft:oak_log":120,"minecraft:gunpowder":18,"minecraft:yellow_bed":2,"minecraft:cobblestone_wall":3,"minecraft:cobblestone_stairs":27,"minecraft:paper":5,"minecraft:apple":7,"minecraft:stone_bricks":9,"minecraft:kelp":287,"minecraft:warped_stem":44,"minecraft:oak_fence_gate":3,"minecraft:iron_ingot":57,"minecraft:iron_sword":2,"minecraft:soul_sand":1,"minecraft:oak_slab":16,"minecraft:warped_fungus":1,"minecraft:quartz":32,"minecraft:dandelion":20,"minecraft:gravel":57,"minecraft:spider_eye":5,"minecraft:diamond_shovel":1,"minecraft:iron_helmet":2,"minecraft:diamond_axe":1,"minecraft:cherry_sapling":1,"minecraft:warped_roots":9,"minecraft:warped_nylium":28,"minecraft:coal":7,"minecraft:ender_pearl":18,"minecraft:sunflower":23},"minecraft:dropped":{"minecraft:blue_shulker_box":1,"minecraft:iron_sword":3,"minecraft:soul_sand":1,"minecraft:porkchop":8,"minecraft:oak_pressure_plate":1,"minecraft:cooked_beef":3,"minecraft:oak_log":66,"minecraft:glow_ink_sac":3,"minecraft:diamond":4,"minecraft:dark_oak_sapling":2,"minecraft:warped_fungus_on_a_stick":1,"minecraft:warped_roots":1,"minecraft:leather":5,"minecraft:cracked_stone_bricks":2,"minecraft:emerald":62,"minecraft:cobblestone_stairs":27,"minecraft:flint":3,"minecraft:cracked_polished_blackstone_bricks":6,"minecraft:dirt":70,"minecraft:dark_oak_log":79,"minecraft:cornflower":6,"minecraft:mutton":3,"minecraft:crimson_roots":2,"minecraft:jungle_sapling":165,"minecraft:gilded_blackstone":3,"minecraft:gold_nugget":17,"minecraft:sunflower":17,"minecraft:sugar":2,"minecraft:fishing_rod":1,"minecraft:white_wool":2,"minecraft:bone":55,"minecraft:oak_door":25,"minecraft:gravel":57,"minecraft:blackstone":10,"minecraft:cobbled_deepslate":151,"minecraft:twisting_vines":51,"minecraft:obsidian":16,"minecraft:rotten_flesh":77,"minecraft:oak_planks":227,"minecraft:diamond_shovel":1,"minecraft:azure_bluet":1,"minecraft:poppy":19,"minecraft:oak_fence_gate":2,"minecraft:gunpowder":18,"minecraft:jungle_log":64,"minecraft:ladder":10,"minecraft:chest":1,"minecraft:basalt":193,"minecraft:arrow":20,"minecraft:beef":4,"minecraft:warped_wart_block":1,"minecraft:quartz":32,"minecraft:netherrack":159,"minecraft:water_bucket":1,"minecraft:iron_ingot":3,"minecraft:bread":3,"minecraft:oak_slab":14,"minecraft:wheat_seeds":26,"minecraft:mossy_cobblestone":44,"minecraft:oak_fence":6,"minecraft:iron_helmet":1,"minecraft:cobblestone":190,"minecraft:apple":4,"minecraft:granite":20,"minecraft:chainmail_helmet":2,"minecraft:yellow_carpet":4,"minecraft:coal":7,"minecraft:stick":320,"minecraft:torch":26,"minecraft:iron_door":15,"minecraft:oak_stairs":256,"minecraft:iron_axe":25,"minecraft:paper":5,"minecraft:string":21,"minecraft:dandelion":19,"minecraft:redstone":18,"minecraft:bricks":2,"minecraft:kelp":287,"minecraft:soul_soil":3,"minecraft:oak_trapdoor":10,"minecraft:blaze_rod":6,"minecraft:cobblestone_wall":3,"minecraft:tuff":4,"minecraft:white_carpet":4,"minecraft:iron_boots":3,"minecraft:stripped_oak_log":3,"minecraft:nether_bricks":22,"minecraft:shulker_box":1,"minecraft:filled_map":1,"minecraft:cobblestone_slab":2,"minecraft:iron_chestplate":1,"minecraft:diamond_pickaxe":1,"minecraft:andesite":5,"minecraft:mossy_stone_bricks":6,"minecraft:oak_boat":4,"minecraft:oak_sapling":85,"minecraft:stone_bricks":9,"minecraft:spider_eye":5,"minecraft:bow":13,"minecraft:raw_gold":8,"minecraft:bell":21},"minecraft:crafted":{"minecraft:oak_planks":172,"minecraft:chainmail_helmet":2,"minecraft:diamond_shovel":1,"minecraft:warped_planks":176,"minecraft:iron_boots":3,"minecraft:diamond_helmet":2,"minecraft:diamond_leggings":1,"minecraft:bow":17,"minecraft:chest":3,"minecraft:arrow":256,"minecraft:emerald":241,"minecraft:diamond_axe":1,"minecraft:crafting_table":2,"minecraft:book":1,"minecraft:paper":51,"minecraft:shield":2,"minecraft:stick":10810,"minecraft:iron_ingot":49,"minecraft:iron_block":3,"minecraft:gold_ingot":1,"minecraft:light_gray_dye":1,"minecraft:diamond_hoe":1,"minecraft:blue_shulker_box":1,"minecraft:bone_meal":48,"minecraft:flint_and_steel":1,"minecraft:light_gray_shulker_box":1,"minecraft:iron_axe":12,"minecraft:diamond_boots":1,"minecraft:cooked_beef":46,"minecraft:coal_block":2,"minecraft:diamond_sword":1,"minecraft:bell":21,"minecraft:iron_sword":3,"minecraft:enchanted_book":1,"minecraft:air":0,"minecraft:jungle_planks":6352,"minecraft:blue_dye":1,"minecraft:oak_boat":1,"minecraft:warped_fungus_on_a_stick":1,"minecraft:anvil":1,"minecraft:diamond_chestplate":2},"minecraft:custom":{"minecraft:interact_with_crafting_table":18,"minecraft:open_shulker_box":60,"minecraft:bell_ring":10,"minecraft:leave_game":8,"minecraft:time_since_death":214647,"minecraft:sprint_one_cm":1472399,"minecraft:damage_blocked_by_shield":20074,"minecraft:drop":296,"minecraft:talked_to_villager":111,"minecraft:play_time":442346,"minecraft:deaths":3,"minecraft:jump":13740,"minecraft:walk_on_water_one_cm":77870,"minecraft:enchant_item":24,"minecraft:interact_with_furnace":18,"minecraft:traded_with_villager":323,"minecraft:sleep_in_bed":4,"minecraft:damage_dealt":51063,"minecraft:crouch_one_cm":85215,"minecraft:horse_one_cm":501,"minecraft:mob_kills":124,"minecraft:interact_with_anvil":23,"minecraft:climb_one_cm":3165,"minecraft:walk_one_cm":721222,"minecraft:damage_dealt_absorbed":29,"minecraft:strider_one_cm":224556,"minecraft:sneak_time":25129,"minecraft:walk_under_water_one_cm":34246,"minecraft:boat_one_cm":111369,"minecraft:interact_with_blast_furnace":1,"minecraft:total_world_time":442346,"minecraft:interact_with_grindstone":24,"minecraft:time_since_rest":1649,"minecraft:damage_absorbed":106,"minecraft:damage_taken":12911,"minecraft:swim_one_cm":281696,"minecraft:fly_one_cm":3014621,"minecraft:open_chest":200,"minecraft:fall_one_cm":446733}},"DataVersion":3953}