{"stats":{"minecraft:mined":{"minecraft:cobblestone_stairs":25,"minecraft:jungle_leaves":4,"minecraft:brewing_stand":1,"minecraft:obsidian":15,"minecraft:granite":19,"minecraft:grass_block":26,"minecraft:jungle_log":2,"minecraft:nether_wart":10,"minecraft:oxeye_daisy":1,"minecraft:spawner":1,"minecraft:cobbled_deepslate":5,"minecraft:barrel":2,"minecraft:iron_ore":32,"minecraft:fire":5,"minecraft:deepslate_lapis_ore":11,"minecraft:twisting_vines":8,"minecraft:dirt_path":5,"minecraft:oak_stairs":392,"minecraft:deepslate_redstone_ore":52,"minecraft:twisting_vines_plant":8,"minecraft:poppy":1,"minecraft:chest":2,"minecraft:white_stained_glass_pane":9,"minecraft:nether_quartz_ore":1,"minecraft:cobblestone":401,"minecraft:oak_planks":206,"minecraft:sugar_cane":8,"minecraft:bricks":2,"minecraft:iron_door":15,"minecraft:warped_planks":1,"minecraft:yellow_stained_glass_pane":10,"minecraft:oak_fence_gate":1,"minecraft:sand":63,"minecraft:dirt":20,"minecraft:netherrack":47,"minecraft:deepslate":220,"minecraft:oak_leaves":2,"minecraft:nether_gold_ore":5,"minecraft:tuff":10,"minecraft:mossy_cobblestone":40,"minecraft:deepslate_diamond_ore":5,"minecraft:oak_door":19,"minecraft:shulker_box":3,"minecraft:nether_bricks":1,"minecraft:cartography_table":1,"minecraft:hay_block":37,"minecraft:oak_trapdoor":10,"minecraft:jungle_sapling":18,"minecraft:light_gray_shulker_box":2,"minecraft:andesite":14,"minecraft:bell":2,"minecraft:vine":8,"minecraft:deepslate_iron_ore":14,"minecraft:cobblestone_slab":2,"minecraft:rail":34,"minecraft:warped_stem":39,"minecraft:stone":63,"minecraft:oak_slab":10,"minecraft:glass_pane":25,"minecraft:dandelion":1,"minecraft:oak_fence":3,"minecraft:crafting_table":2,"minecraft:cornflower":1,"minecraft:short_grass":34,"minecraft:tall_grass":3,"minecraft:deepslate_gold_ore":18,"minecraft:lapis_ore":3,"minecraft:warped_wart_block":1,"minecraft:cobblestone_wall":3,"minecraft:yellow_bed":2,"minecraft:coal_ore":20,"minecraft:cherry_leaves":1,"minecraft:sunflower":1,"minecraft:gravel":92,"minecraft:cracked_stone_bricks":1,"minecraft:stone_bricks":2,"minecraft:mossy_stone_bricks":2},"minecraft:killed":{"minecraft:witch":1,"minecraft:spider":3,"minecraft:skeleton":17,"minecraft:silverfish":1,"minecraft:pig":2,"minecraft:zombie_villager":1,"minecraft:iron_golem":4,"minecraft:creeper":3,"minecraft:sheep":2,"minecraft:donkey":1,"minecraft:zombie":21,"minecraft:ghast":3,"minecraft:blaze":2,"minecraft:cow":3,"minecraft:horse":2,"minecraft:villager":2,"minecraft:enderman":6},"minecraft:used":{"minecraft:cherry_sapling":1,"minecraft:iron_shovel":207,"minecraft:poppy":5,"minecraft:chest":7,"minecraft:shield":113,"minecraft:iron_sword":369,"minecraft:bell":1,"minecraft:tuff":5,"minecraft:azure_bluet":1,"minecraft:obsidian":10,"minecraft:jungle_sapling":29,"minecraft:grass_block":1,"minecraft:bow":8,"minecraft:hay_block":3,"minecraft:oak_planks":25,"minecraft:diamond_axe":20,"minecraft:sugar_cane":2,"minecraft:jungle_boat":6,"minecraft:andesite":9,"minecraft:oak_boat":4,"minecraft:bone_meal":48,"minecraft:flint_and_steel":1,"minecraft:netherrack":23,"minecraft:light_gray_shulker_box":2,"minecraft:dirt":54,"minecraft:anvil":1,"minecraft:shulker_box":3,"minecraft:iron_axe":737,"minecraft:jungle_log":71,"minecraft:iron_boots":1,"minecraft:cobbled_deepslate":80,"minecraft:water_bucket":39,"minecraft:crafting_table":3,"minecraft:warped_planks":29,"minecraft:diamond_pickaxe":19,"minecraft:oxeye_daisy":1,"minecraft:iron_pickaxe":1086,"minecraft:cobblestone":64,"minecraft:cooked_porkchop":79,"minecraft:bucket":41,"minecraft:yellow_bed":2,"minecraft:stripped_oak_log":1},"minecraft:killed_by":{"minecraft:wither_skeleton":1,"minecraft:enderman":1,"minecraft:iron_golem":1},"minecraft:picked_up":{"minecraft:iron_chestplate":1,"minecraft:wheat":7,"minecraft:light_gray_shulker_box":2,"minecraft:oak_stairs":251,"minecraft:brewing_stand":2,"minecraft:string":13,"minecraft:iron_leggings":2,"minecraft:diamond_leggings":1,"minecraft:cobbled_deepslate":251,"minecraft:gold_nugget":29,"minecraft:bucket":2,"minecraft:cobblestone_slab":2,"minecraft:iron_pickaxe":2,"minecraft:iron_boots":2,"minecraft:stick":108,"minecraft:oak_fence":6,"minecraft:torch":26,"minecraft:porkchop":8,"minecraft:warped_planks":145,"minecraft:rotten_flesh":49,"minecraft:blaze_rod":6,"minecraft:obsidian":16,"minecraft:cobblestone":582,"minecraft:iron_door":15,"minecraft:andesite":14,"minecraft:water_bucket":1,"minecraft:jungle_log":1069,"minecraft:potato":5,"minecraft:flint":3,"minecraft:tuff":9,"minecraft:lapis_lazuli":87,"minecraft:dirt":97,"minecraft:twisting_vines":28,"minecraft:bone":41,"minecraft:bow":4,"minecraft:wheat_seeds":21,"minecraft:raw_gold":19,"minecraft:bell":2,"minecraft:mossy_stone_bricks":6,"minecraft:diamond_helmet":2,"minecraft:oak_planks":224,"minecraft:cooked_porkchop":68,"minecraft:warped_wart_block":1,"minecraft:oak_pressure_plate":1,"minecraft:jungle_planks":18,"minecraft:barrel":2,"minecraft:shulker_box":4,"minecraft:mossy_cobblestone":44,"minecraft:sugar":2,"minecraft:yellow_carpet":4,"minecraft:diamond":6,"minecraft:granite":20,"minecraft:golden_apple":8,"minecraft:emerald":53,"minecraft:bread":3,"minecraft:oak_sapling":35,"minecraft:netherrack":64,"minecraft:bricks":2,"minecraft:diamond_pickaxe":2,"minecraft:crafting_table":2,"minecraft:azure_bluet":3,"minecraft:nether_wart":10,"minecraft:ladder":10,"minecraft:shield":1,"minecraft:cornflower":7,"minecraft:oak_trapdoor":10,"minecraft:iron_axe":3,"minecraft:flint_and_steel":1,"minecraft:white_carpet":4,"minecraft:iron_shovel":1,"minecraft:cracked_stone_bricks":2,"minecraft:cartography_table":1,"minecraft:beef":4,"minecraft:oak_boat":7,"minecraft:jungle_sapling":108,"minecraft:poppy":26,"minecraft:sugar_cane":15,"minecraft:chest":5,"minecraft:raw_iron":52,"minecraft:oak_door":25,"minecraft:redstone":257,"minecraft:arrow":288,"minecraft:diamond_chestplate":2,"minecraft:diamond_boots":1,"minecraft:hay_block":71,"minecraft:gold_ingot":1,"minecraft:mutton":3,"minecraft:rail":34,"minecraft:white_wool":2,"minecraft:oxeye_daisy":2,"minecraft:stripped_oak_log":4,"minecraft:jungle_boat":11,"minecraft:glow_ink_sac":3,"minecraft:leather":5,"minecraft:oak_log":54,"minecraft:gunpowder":4,"minecraft:yellow_bed":2,"minecraft:cobblestone_wall":3,"minecraft:cobblestone_stairs":27,"minecraft:paper":5,"minecraft:stone_bricks":9,"minecraft:warped_stem":44,"minecraft:iron_ingot":57,"minecraft:oak_fence_gate":2,"minecraft:iron_sword":2,"minecraft:oak_slab":12,"minecraft:quartz":14,"minecraft:dandelion":18,"minecraft:gravel":57,"minecraft:spider_eye":5,"minecraft:iron_helmet":2,"minecraft:cherry_sapling":1,"minecraft:warped_roots":7,"minecraft:warped_nylium":28,"minecraft:coal":7,"minecraft:ender_pearl":18,"minecraft:sunflower":12},"minecraft:dropped":{"minecraft:blue_shulker_box":1,"minecraft:porkchop":8,"minecraft:oak_pressure_plate":1,"minecraft:glow_ink_sac":3,"minecraft:diamond":4,"minecraft:leather":4,"minecraft:cracked_stone_bricks":2,"minecraft:cobblestone_stairs":27,"minecraft:flint":3,"minecraft:emerald":5,"minecraft:dirt":43,"minecraft:cornflower":6,"minecraft:mutton":3,"minecraft:jungle_sapling":41,"minecraft:gold_nugget":17,"minecraft:sunflower":11,"minecraft:sugar":2,"minecraft:white_wool":2,"minecraft:bone":41,"minecraft:oak_door":25,"minecraft:gravel":57,"minecraft:cobbled_deepslate":151,"minecraft:obsidian":16,"minecraft:rotten_flesh":49,"minecraft:oak_planks":217,"minecraft:azure_bluet":1,"minecraft:poppy":17,"minecraft:oak_fence_gate":2,"minecraft:gunpowder":4,"minecraft:jungle_log":64,"minecraft:chest":1,"minecraft:ladder":10,"minecraft:arrow":9,"minecraft:beef":4,"minecraft:warped_wart_block":1,"minecraft:quartz":14,"minecraft:water_bucket":1,"minecraft:iron_ingot":3,"minecraft:bread":3,"minecraft:oak_slab":12,"minecraft:wheat_seeds":15,"minecraft:mossy_cobblestone":44,"minecraft:oak_fence":6,"minecraft:iron_helmet":1,"minecraft:cobblestone":132,"minecraft:granite":20,"minecraft:coal":7,"minecraft:yellow_carpet":4,"minecraft:stick":41,"minecraft:torch":26,"minecraft:iron_door":15,"minecraft:oak_stairs":256,"minecraft:iron_axe":1,"minecraft:paper":5,"minecraft:string":13,"minecraft:dandelion":17,"minecraft:redstone":18,"minecraft:bricks":2,"minecraft:oak_trapdoor":10,"minecraft:blaze_rod":6,"minecraft:cobblestone_wall":3,"minecraft:tuff":4,"minecraft:white_carpet":4,"minecraft:stripped_oak_log":3,"minecraft:shulker_box":1,"minecraft:filled_map":1,"minecraft:cobblestone_slab":2,"minecraft:diamond_pickaxe":1,"minecraft:andesite":5,"minecraft:mossy_stone_bricks":6,"minecraft:oak_boat":4,"minecraft:oak_sapling":35,"minecraft:spider_eye":5,"minecraft:stone_bricks":9,"minecraft:bow":1,"minecraft:raw_gold":8},"minecraft:crafted":{"minecraft:oak_planks":172,"minecraft:warped_planks":176,"minecraft:diamond_helmet":1,"minecraft:bow":5,"minecraft:chest":3,"minecraft:arrow":256,"minecraft:emerald":43,"minecraft:diamond_axe":1,"minecraft:crafting_table":2,"minecraft:shield":1,"minecraft:stick":3678,"minecraft:iron_ingot":49,"minecraft:iron_block":3,"minecraft:gold_ingot":1,"minecraft:light_gray_dye":1,"minecraft:diamond_hoe":1,"minecraft:blue_shulker_box":1,"minecraft:bone_meal":48,"minecraft:flint_and_steel":1,"minecraft:light_gray_shulker_box":1,"minecraft:coal_block":2,"minecraft:air":0,"minecraft:jungle_planks":2512,"minecraft:blue_dye":1,"minecraft:oak_boat":1,"minecraft:anvil":1,"minecraft:diamond_chestplate":1},"minecraft:custom":{"minecraft:interact_with_crafting_table":15,"minecraft:open_shulker_box":31,"minecraft:bell_ring":10,"minecraft:leave_game":5,"minecraft:time_since_death":21181,"minecraft:sprint_one_cm":880495,"minecraft:damage_blocked_by_shield":18635,"minecraft:drop":162,"minecraft:talked_to_villager":57,"minecraft:play_time":248880,"minecraft:deaths":3,"minecraft:jump":8225,"minecraft:walk_on_water_one_cm":53419,"minecraft:enchant_item":12,"minecraft:interact_with_furnace":15,"minecraft:traded_with_villager":66,"minecraft:sleep_in_bed":2,"minecraft:damage_dealt":30313,"minecraft:crouch_one_cm":26434,"minecraft:horse_one_cm":501,"minecraft:mob_kills":78,"minecraft:interact_with_anvil":18,"minecraft:climb_one_cm":1862,"minecraft:walk_one_cm":395846,"minecraft:sneak_time":11523,"minecraft:walk_under_water_one_cm":22079,"minecraft:boat_one_cm":93944,"minecraft:interact_with_blast_furnace":1,"minecraft:total_world_time":248880,"minecraft:interact_with_grindstone":12,"minecraft:time_since_rest":21283,"minecraft:damage_taken":6712,"minecraft:swim_one_cm":58707,"minecraft:fly_one_cm":1943033,"minecraft:open_chest":126,"minecraft:fall_one_cm":249963}},"DataVersion":3953}