{"stats":{"minecraft:mined":{"minecraft:dark_oak_planks":2,"minecraft:white_bed":3,"minecraft:oak_sapling":31,"minecraft:cobblestone_stairs":11,"minecraft:jungle_leaves":5,"minecraft:brewing_stand":1,"minecraft:grass_block":75,"minecraft:cracked_polished_blackstone_bricks":6,"minecraft:oxeye_daisy":2,"minecraft:spawner":1,"minecraft:smooth_stone":8,"minecraft:polished_blackstone_bricks":29,"minecraft:tall_seagrass":16,"minecraft:glowstone":18,"minecraft:cobbled_deepslate":10,"minecraft:iron_ore":40,"minecraft:fire":20,"minecraft:fletching_table":1,"minecraft:deepslate_lapis_ore":6,"minecraft:azure_bluet":3,"minecraft:dark_oak_stairs":1,"minecraft:enchanting_table":1,"minecraft:water_cauldron":4,"minecraft:oak_stairs":117,"minecraft:jungle_button":5,"minecraft:deepslate_redstone_ore":34,"minecraft:brown_mushroom":2,"minecraft:blackstone":2,"minecraft:kelp_plant":234,"minecraft:crimson_nylium":2,"minecraft:medium_amethyst_bud":1,"minecraft:amethyst_cluster":1,"minecraft:torch":1,"minecraft:blast_furnace":2,"minecraft:poppy":5,"minecraft:calcite":2,"minecraft:chest":7,"minecraft:mushroom_stem":1,"minecraft:nether_quartz_ore":15,"minecraft:cobblestone":257,"minecraft:sugar_cane":218,"minecraft:grindstone":6,"minecraft:oak_planks":164,"minecraft:iron_door":5,"minecraft:wall_torch":4,"minecraft:amethyst_block":5,"minecraft:seagrass":16,"minecraft:white_terracotta":31,"minecraft:yellow_wool":6,"minecraft:oak_log":1,"minecraft:oak_fence_gate":2,"minecraft:dark_oak_sapling":1,"minecraft:dirt":24,"minecraft:smooth_basalt":2,"minecraft:netherrack":248,"minecraft:oak_leaves":1,"minecraft:deepslate":160,"minecraft:tuff":5,"minecraft:mossy_cobblestone":21,"minecraft:deepslate_diamond_ore":44,"minecraft:shulker_box":4,"minecraft:nether_bricks":83,"minecraft:jungle_planks":4,"minecraft:crimson_roots":1,"minecraft:brown_mushroom_block":135,"minecraft:spruce_leaves":26,"minecraft:kelp":74,"minecraft:hay_block":21,"minecraft:oak_trapdoor":3,"minecraft:spruce_sapling":8,"minecraft:furnace":4,"minecraft:jungle_sapling":10,"minecraft:andesite":1,"minecraft:gold_block":3,"minecraft:bell":2,"minecraft:nether_brick_fence":3,"minecraft:bookshelf":4,"minecraft:potatoes":20,"minecraft:deepslate_iron_ore":29,"minecraft:vine":33,"minecraft:rail":4,"minecraft:stripped_oak_log":48,"minecraft:stone":21,"minecraft:white_wool":6,"minecraft:oak_slab":3,"minecraft:glass_pane":3,"minecraft:infested_stone_bricks":1,"minecraft:basalt":73,"minecraft:dandelion":20,"minecraft:oak_fence":14,"minecraft:crafting_table":4,"minecraft:cornflower":9,"minecraft:short_grass":192,"minecraft:lectern":23,"minecraft:tall_grass":18,"minecraft:deepslate_gold_ore":64,"minecraft:jungle_fence":1,"minecraft:white_wall_banner":1,"minecraft:yellow_bed":3,"minecraft:coal_ore":58,"minecraft:sunflower":28,"minecraft:gravel":224,"minecraft:cobweb":9,"minecraft:cracked_stone_bricks":1,"minecraft:stone_bricks":8,"minecraft:mossy_stone_bricks":4,"minecraft:gold_ore":1},"minecraft:broken":{"minecraft:wooden_hoe":1},"minecraft:killed":{"minecraft:cave_spider":1,"minecraft:witch":2,"minecraft:spider":8,"minecraft:skeleton":23,"minecraft:piglin_brute":3,"minecraft:wolf":7,"minecraft:magma_cube":1,"minecraft:piglin":9,"minecraft:zombie_villager":1,"minecraft:iron_golem":13,"minecraft:creeper":6,"minecraft:sheep":11,"minecraft:pillager":11,"minecraft:zombie":16,"minecraft:blaze":56,"minecraft:cow":54,"minecraft:vindicator":6,"minecraft:phantom":1,"minecraft:horse":14,"minecraft:ravager":1,"minecraft:wither_skeleton":5,"minecraft:enderman":1},"minecraft:used":{"minecraft:nether_brick_fence":3,"minecraft:iron_shovel":347,"minecraft:poppy":4,"minecraft:chest":5,"minecraft:shield":68,"minecraft:iron_sword":725,"minecraft:bell":3,"minecraft:iron_chestplate":3,"minecraft:jungle_planks":2,"minecraft:nether_bricks":64,"minecraft:carrot":3,"minecraft:azure_bluet":1,"minecraft:jungle_sapling":31,"minecraft:iron_helmet":2,"minecraft:bow":28,"minecraft:hay_block":1,"minecraft:ominous_bottle":1,"minecraft:jungle_button":249,"minecraft:blue_shulker_box":1,"minecraft:furnace":5,"minecraft:oak_sapling":14,"minecraft:potato":54,"minecraft:dark_oak_sapling":24,"minecraft:diamond_boots":3,"minecraft:jungle_fence":1,"minecraft:oak_planks":247,"minecraft:diamond_axe":498,"minecraft:sugar_cane":41,"minecraft:golden_apple":3,"minecraft:blast_furnace":2,"minecraft:shears":12,"minecraft:lectern":23,"minecraft:gravel":164,"minecraft:diamond_sword":723,"minecraft:fire_charge":1,"minecraft:grindstone":7,"minecraft:smithing_table":1,"minecraft:oak_boat":11,"minecraft:bone_meal":78,"minecraft:experience_bottle":37,"minecraft:enchanting_table":2,"minecraft:flint_and_steel":6,"minecraft:stone_hoe":21,"minecraft:netherrack":150,"minecraft:torch":16,"minecraft:brewing_stand":1,"minecraft:dirt":126,"minecraft:anvil":2,"minecraft:diamond_helmet":9,"minecraft:shulker_box":5,"minecraft:bookshelf":18,"minecraft:iron_axe":130,"minecraft:jungle_log":89,"minecraft:iron_boots":1,"minecraft:diamond_chestplate":6,"minecraft:basalt":63,"minecraft:glowstone":18,"minecraft:golden_carrot":17,"minecraft:cooked_beef":4,"minecraft:powder_snow_bucket":1,"minecraft:cobbled_deepslate":153,"minecraft:iron_leggings":3,"minecraft:water_bucket":74,"minecraft:fletching_table":8,"minecraft:polished_blackstone_bricks":2,"minecraft:crafting_table":6,"minecraft:white_bed":7,"minecraft:wooden_hoe":74,"minecraft:cornflower":3,"minecraft:sunflower":3,"minecraft:iron_pickaxe":1358,"minecraft:spruce_sapling":28,"minecraft:fishing_rod":1,"minecraft:cobblestone":28,"minecraft:white_banner":5,"minecraft:cooked_porkchop":96,"minecraft:bucket":75,"minecraft:yellow_bed":5,"minecraft:dandelion":6,"minecraft:diamond_leggings":4},"minecraft:picked_up":{"minecraft:nether_brick_fence":3,"minecraft:yellow_wool":6,"minecraft:diamond_sword":1,"minecraft:oak_stairs":134,"minecraft:brewing_stand":1,"minecraft:amethyst_block":5,"minecraft:string":18,"minecraft:diamond_leggings":2,"minecraft:cobbled_deepslate":190,"minecraft:gold_nugget":2,"minecraft:smooth_stone":16,"minecraft:bucket":3,"minecraft:calcite":2,"minecraft:furnace":5,"minecraft:stick":851,"minecraft:oak_fence":14,"minecraft:torch":20,"minecraft:porkchop":17,"minecraft:cauldron":4,"minecraft:stone_sword":1,"minecraft:rotten_flesh":12,"minecraft:white_terracotta":28,"minecraft:blaze_rod":164,"minecraft:obsidian":16,"minecraft:cod":2,"minecraft:cobblestone":264,"minecraft:birch_log":14,"minecraft:enchanting_table":1,"minecraft:cooked_beef":3,"minecraft:jungle_log":6371,"minecraft:water_bucket":2,"minecraft:iron_door":5,"minecraft:andesite":1,"minecraft:potato":82,"minecraft:flint":21,"minecraft:tuff":3,"minecraft:lapis_lazuli":38,"minecraft:dirt":163,"minecraft:bone":113,"minecraft:bow":1,"minecraft:wheat_seeds":28,"minecraft:raw_gold":68,"minecraft:bell":2,"minecraft:grindstone":6,"minecraft:mossy_stone_bricks":4,"minecraft:fletching_table":1,"minecraft:glowstone_dust":55,"minecraft:oak_planks":156,"minecraft:cooked_porkchop":42,"minecraft:jungle_planks":4,"minecraft:dark_oak_log":3520,"minecraft:barrel":2,"minecraft:shulker_box":5,"minecraft:mossy_cobblestone":25,"minecraft:sugar":3,"minecraft:diamond":50,"minecraft:cracked_polished_blackstone_bricks":6,"minecraft:crossbow":2,"minecraft:golden_apple":8,"minecraft:emerald":80,"minecraft:chainmail_helmet":1,"minecraft:golden_horse_armor":1,"minecraft:bread":1,"minecraft:oak_sapling":122,"minecraft:netherrack":236,"minecraft:diamond_pickaxe":2,"minecraft:fishing_rod":1,"minecraft:crafting_table":4,"minecraft:azure_bluet":4,"minecraft:ominous_bottle":5,"minecraft:brown_mushroom":73,"minecraft:gold_block":3,"minecraft:cornflower":15,"minecraft:oak_trapdoor":3,"minecraft:iron_axe":2,"minecraft:iron_shovel":1,"minecraft:blackstone":2,"minecraft:cracked_stone_bricks":1,"minecraft:cartography_table":1,"minecraft:beef":172,"minecraft:oak_boat":8,"minecraft:jungle_sapling":664,"minecraft:poppy":38,"minecraft:lectern":23,"minecraft:sugar_cane":414,"minecraft:blue_shulker_box":1,"minecraft:chest":4,"minecraft:birch_sapling":7,"minecraft:dark_oak_sapling":360,"minecraft:raw_iron":83,"minecraft:oak_door":6,"minecraft:fire_charge":2,"minecraft:polished_blackstone_bricks":27,"minecraft:redstone":196,"minecraft:dark_oak_planks":1,"minecraft:arrow":73,"minecraft:nether_bricks":81,"minecraft:diamond_boots":3,"minecraft:hay_block":27,"minecraft:mutton":34,"minecraft:rail":38,"minecraft:white_wool":17,"minecraft:oxeye_daisy":3,"minecraft:stripped_oak_log":43,"minecraft:basalt":74,"minecraft:leather":106,"minecraft:jungle_fence":1,"minecraft:filled_map":2,"minecraft:oak_log":436,"minecraft:jungle_button":93,"minecraft:yellow_bed":3,"minecraft:gunpowder":16,"minecraft:cobblestone_stairs":15,"minecraft:white_banner":10,"minecraft:apple":71,"minecraft:stone_bricks":8,"minecraft:kelp":304,"minecraft:oak_fence_gate":2,"minecraft:iron_ingot":109,"minecraft:book":12,"minecraft:oak_slab":5,"minecraft:smooth_basalt":2,"minecraft:quartz":3,"minecraft:dandelion":29,"minecraft:gravel":239,"minecraft:amethyst_shard":5,"minecraft:spruce_sapling":119,"minecraft:blast_furnace":2,"minecraft:white_bed":3,"minecraft:spruce_log":507,"minecraft:spider_eye":2,"minecraft:stone_axe":2,"minecraft:chainmail_leggings":4,"minecraft:coal":102,"minecraft:sunflower":39},"minecraft:dropped":{"minecraft:iron_sword":1,"minecraft:brown_mushroom":7,"minecraft:soul_sand":5,"minecraft:diamond_axe":1,"minecraft:cooked_beef":2,"minecraft:oak_log":19,"minecraft:crafting_table":1,"minecraft:dark_oak_sapling":355,"minecraft:warped_roots":1,"minecraft:cracked_stone_bricks":1,"minecraft:jungle_planks":45,"minecraft:rail":4,"minecraft:cod":2,"minecraft:emerald":33,"minecraft:cobblestone_stairs":15,"minecraft:cracked_polished_blackstone_bricks":6,"minecraft:dirt":37,"minecraft:dark_oak_log":64,"minecraft:jungle_button":64,"minecraft:cornflower":12,"minecraft:mutton":34,"minecraft:jungle_sapling":701,"minecraft:gilded_blackstone":2,"minecraft:gold_nugget":2,"minecraft:sunflower":36,"minecraft:polished_blackstone_bricks":25,"minecraft:dark_oak_planks":1,"minecraft:birch_log":14,"minecraft:fishing_rod":3,"minecraft:white_wool":2,"minecraft:oak_door":6,"minecraft:gravel":11,"minecraft:stone_axe":62,"minecraft:blackstone":2,"minecraft:sugar_cane":1,"minecraft:cobbled_deepslate":5,"minecraft:twisting_vines":38,"minecraft:wheat":156,"minecraft:birch_sapling":7,"minecraft:rotten_flesh":12,"minecraft:oak_planks":55,"minecraft:azure_bluet":4,"minecraft:poppy":30,"minecraft:oak_fence_gate":2,"minecraft:chest":1,"minecraft:basalt":204,"minecraft:arrow":329,"minecraft:beef":33,"minecraft:netherrack":99,"minecraft:lectern":1,"minecraft:enchanted_book":3,"minecraft:stone_hoe":1,"minecraft:water_bucket":1,"minecraft:golden_boots":1,"minecraft:bread":105,"minecraft:oak_slab":7,"minecraft:wheat_seeds":37,"minecraft:mossy_cobblestone":25,"minecraft:golden_horse_armor":1,"minecraft:diamond_leggings":1,"minecraft:oak_fence":14,"minecraft:cobblestone":47,"minecraft:apple":2,"minecraft:amethyst_block":5,"minecraft:chainmail_helmet":53,"minecraft:golden_apple":26,"minecraft:stick":300,"minecraft:oxeye_daisy":3,"minecraft:diamond_helmet":1,"minecraft:oak_stairs":134,"minecraft:white_banner":1,"minecraft:iron_axe":15,"minecraft:jungle_boat":3,"minecraft:smooth_stone":16,"minecraft:iron_shovel":2,"minecraft:chainmail_leggings":40,"minecraft:string":4,"minecraft:bucket":2,"minecraft:spruce_sapling":91,"minecraft:smooth_basalt":2,"minecraft:dandelion":24,"minecraft:redstone":28,"minecraft:jungle_pressure_plate":64,"minecraft:kelp":112,"minecraft:oak_trapdoor":3,"minecraft:stone_sword":1,"minecraft:diamond_hoe":6,"minecraft:tuff":3,"minecraft:iron_boots":27,"minecraft:white_terracotta":28,"minecraft:nether_bricks":20,"minecraft:diamond_sword":1,"minecraft:potato":33,"minecraft:diamond_chestplate":2,"minecraft:diamond_pickaxe":2,"minecraft:mossy_stone_bricks":4,"minecraft:andesite":1,"minecraft:oak_sapling":102,"minecraft:stone_bricks":6,"minecraft:spider_eye":2,"minecraft:diamond_boots":2,"minecraft:bow":1,"minecraft:calcite":2},"minecraft:crafted":{"minecraft:jungle_button":220,"minecraft:grindstone":2,"minecraft:oak_planks":1844,"minecraft:chainmail_helmet":52,"minecraft:stone":3,"minecraft:bookshelf":19,"minecraft:diamond_helmet":6,"minecraft:diamond_leggings":3,"minecraft:bow":8,"minecraft:iron_boots":27,"minecraft:chest":3,"minecraft:stone_hoe":1,"minecraft:oak_slab":6,"minecraft:arrow":336,"minecraft:emerald":1621,"minecraft:cooked_porkchop":17,"minecraft:diamond_axe":7,"minecraft:crafting_table":3,"minecraft:spruce_planks":2016,"minecraft:jungle_boat":3,"minecraft:jungle_pressure_plate":64,"minecraft:smithing_table":1,"minecraft:fletching_table":9,"minecraft:brewing_stand":1,"minecraft:lectern":1,"minecraft:book":55,"minecraft:wooden_hoe":1,"minecraft:paper":216,"minecraft:diamond_pickaxe":2,"minecraft:stick":83089,"minecraft:stone_slab":6,"minecraft:iron_ingot":62,"minecraft:iron_block":5,"minecraft:gold_ingot":205,"minecraft:shears":1,"minecraft:redstone":24,"minecraft:fishing_rod":3,"minecraft:experience_bottle":36,"minecraft:diamond_hoe":6,"minecraft:furnace":1,"minecraft:yellow_bed":2,"minecraft:bone_meal":78,"minecraft:iron_axe":17,"minecraft:diamond_boots":3,"minecraft:dark_oak_planks":8760,"minecraft:chainmail_leggings":36,"minecraft:wheat":486,"minecraft:cooked_beef":64,"minecraft:diamond_sword":4,"minecraft:enchanting_table":1,"minecraft:iron_sword":1,"minecraft:bucket":5,"minecraft:stone_axe":60,"minecraft:glowstone":18,"minecraft:enchanted_book":7,"minecraft:bread":104,"minecraft:air":0,"minecraft:jungle_planks":28804,"minecraft:oak_boat":5,"minecraft:golden_apple":26,"minecraft:iron_shovel":1,"minecraft:anvil":2,"minecraft:white_bed":4,"minecraft:lapis_lazuli":24,"minecraft:diamond_chestplate":5},"minecraft:custom":{"minecraft:animals_bred":8,"minecraft:interact_with_crafting_table":76,"minecraft:open_shulker_box":153,"minecraft:bell_ring":59,"minecraft:leave_game":13,"minecraft:time_since_death":423633,"minecraft:sprint_one_cm":1804962,"minecraft:damage_blocked_by_shield":6590,"minecraft:drop":528,"minecraft:talked_to_villager":398,"minecraft:play_time":423633,"minecraft:jump":11427,"minecraft:walk_on_water_one_cm":41416,"minecraft:enchant_item":40,"minecraft:interact_with_furnace":47,"minecraft:traded_with_villager":1973,"minecraft:sleep_in_bed":21,"minecraft:damage_dealt":99671,"minecraft:crouch_one_cm":66298,"minecraft:mob_kills":257,"minecraft:interact_with_anvil":27,"minecraft:climb_one_cm":5558,"minecraft:walk_one_cm":890566,"minecraft:sneak_time":21314,"minecraft:walk_under_water_one_cm":34455,"minecraft:boat_one_cm":172004,"minecraft:total_world_time":423633,"minecraft:raid_trigger":1,"minecraft:interact_with_grindstone":41,"minecraft:time_since_rest":13649,"minecraft:damage_taken":7378,"minecraft:damage_absorbed":122,"minecraft:swim_one_cm":149960,"minecraft:fly_one_cm":2208429,"minecraft:open_chest":509,"minecraft:fall_one_cm":333577}},"DataVersion":3953}