{"stats":{"minecraft:mined":{"minecraft:dark_oak_planks":2,"minecraft:white_bed":3,"minecraft:oak_sapling":31,"minecraft:cobblestone_stairs":11,"minecraft:jungle_leaves":5,"minecraft:grass_block":63,"minecraft:oxeye_daisy":2,"minecraft:spawner":1,"minecraft:smooth_stone":8,"minecraft:glowstone":18,"minecraft:iron_ore":36,"minecraft:cobbled_deepslate":10,"minecraft:fire":14,"minecraft:fletching_table":1,"minecraft:deepslate_lapis_ore":6,"minecraft:azure_bluet":3,"minecraft:dark_oak_stairs":1,"minecraft:enchanting_table":1,"minecraft:oak_stairs":117,"minecraft:jungle_button":5,"minecraft:deepslate_redstone_ore":34,"minecraft:medium_amethyst_bud":1,"minecraft:amethyst_cluster":1,"minecraft:torch":1,"minecraft:blast_furnace":2,"minecraft:poppy":5,"minecraft:calcite":2,"minecraft:chest":7,"minecraft:mushroom_stem":1,"minecraft:nether_quartz_ore":15,"minecraft:cobblestone":247,"minecraft:oak_planks":141,"minecraft:grindstone":5,"minecraft:sugar_cane":133,"minecraft:iron_door":5,"minecraft:wall_torch":3,"minecraft:amethyst_block":5,"minecraft:seagrass":1,"minecraft:white_terracotta":31,"minecraft:yellow_wool":6,"minecraft:oak_log":1,"minecraft:oak_fence_gate":1,"minecraft:dirt":20,"minecraft:smooth_basalt":2,"minecraft:netherrack":59,"minecraft:deepslate":160,"minecraft:tuff":5,"minecraft:mossy_cobblestone":20,"minecraft:deepslate_diamond_ore":44,"minecraft:shulker_box":4,"minecraft:nether_bricks":25,"minecraft:jungle_planks":4,"minecraft:brown_mushroom_block":135,"minecraft:hay_block":14,"minecraft:oak_trapdoor":3,"minecraft:spruce_sapling":4,"minecraft:furnace":2,"minecraft:jungle_sapling":9,"minecraft:andesite":1,"minecraft:gold_block":2,"minecraft:bell":2,"minecraft:bookshelf":3,"minecraft:deepslate_iron_ore":29,"minecraft:vine":27,"minecraft:rail":4,"minecraft:stripped_oak_log":48,"minecraft:stone":13,"minecraft:white_wool":6,"minecraft:oak_slab":3,"minecraft:glass_pane":3,"minecraft:infested_stone_bricks":1,"minecraft:dandelion":19,"minecraft:oak_fence":6,"minecraft:crafting_table":3,"minecraft:cornflower":8,"minecraft:short_grass":91,"minecraft:tall_grass":9,"minecraft:deepslate_gold_ore":64,"minecraft:jungle_fence":1,"minecraft:yellow_bed":3,"minecraft:coal_ore":35,"minecraft:sunflower":16,"minecraft:gravel":224,"minecraft:cobweb":9,"minecraft:cracked_stone_bricks":1,"minecraft:stone_bricks":8,"minecraft:mossy_stone_bricks":4,"minecraft:gold_ore":1},"minecraft:killed":{"minecraft:cave_spider":1,"minecraft:witch":1,"minecraft:spider":6,"minecraft:skeleton":20,"minecraft:magma_cube":1,"minecraft:iron_golem":13,"minecraft:creeper":6,"minecraft:sheep":1,"minecraft:zombie":14,"minecraft:blaze":13,"minecraft:cow":37,"minecraft:phantom":1,"minecraft:horse":14,"minecraft:wither_skeleton":1,"minecraft:enderman":1},"minecraft:used":{"minecraft:iron_shovel":347,"minecraft:poppy":4,"minecraft:chest":5,"minecraft:shield":53,"minecraft:iron_sword":671,"minecraft:bell":3,"minecraft:iron_chestplate":3,"minecraft:jungle_planks":1,"minecraft:nether_bricks":21,"minecraft:azure_bluet":1,"minecraft:jungle_sapling":31,"minecraft:iron_helmet":2,"minecraft:hay_block":1,"minecraft:jungle_button":224,"minecraft:oak_sapling":14,"minecraft:blue_shulker_box":1,"minecraft:furnace":3,"minecraft:dark_oak_sapling":24,"minecraft:diamond_boots":1,"minecraft:jungle_fence":1,"minecraft:oak_planks":238,"minecraft:diamond_axe":465,"minecraft:sugar_cane":36,"minecraft:golden_apple":1,"minecraft:blast_furnace":2,"minecraft:shears":12,"minecraft:gravel":164,"minecraft:fire_charge":1,"minecraft:grindstone":7,"minecraft:smithing_table":1,"minecraft:oak_boat":9,"minecraft:bone_meal":51,"minecraft:experience_bottle":12,"minecraft:enchanting_table":2,"minecraft:flint_and_steel":6,"minecraft:netherrack":53,"minecraft:torch":2,"minecraft:brewing_stand":1,"minecraft:dirt":117,"minecraft:diamond_helmet":3,"minecraft:shulker_box":5,"minecraft:bookshelf":17,"minecraft:iron_axe":89,"minecraft:jungle_log":72,"minecraft:iron_boots":1,"minecraft:diamond_chestplate":4,"minecraft:glowstone":18,"minecraft:cobbled_deepslate":153,"minecraft:iron_leggings":3,"minecraft:water_bucket":40,"minecraft:fletching_table":8,"minecraft:crafting_table":5,"minecraft:white_bed":5,"minecraft:cornflower":3,"minecraft:sunflower":3,"minecraft:iron_pickaxe":935,"minecraft:spruce_sapling":24,"minecraft:cobblestone":9,"minecraft:cooked_porkchop":65,"minecraft:bucket":40,"minecraft:yellow_bed":5,"minecraft:dandelion":6,"minecraft:diamond_leggings":3},"minecraft:picked_up":{"minecraft:yellow_wool":6,"minecraft:oak_stairs":134,"minecraft:amethyst_block":5,"minecraft:string":18,"minecraft:diamond_leggings":2,"minecraft:cobbled_deepslate":190,"minecraft:gold_nugget":2,"minecraft:smooth_stone":16,"minecraft:bucket":3,"minecraft:calcite":2,"minecraft:furnace":3,"minecraft:stick":670,"minecraft:oak_fence":6,"minecraft:torch":17,"minecraft:stone_sword":1,"minecraft:rotten_flesh":12,"minecraft:white_terracotta":28,"minecraft:blaze_rod":51,"minecraft:obsidian":16,"minecraft:cod":2,"minecraft:cobblestone":242,"minecraft:enchanting_table":1,"minecraft:andesite":1,"minecraft:iron_door":5,"minecraft:water_bucket":1,"minecraft:jungle_log":5421,"minecraft:flint":21,"minecraft:tuff":3,"minecraft:lapis_lazuli":38,"minecraft:dirt":145,"minecraft:bone":66,"minecraft:wheat_seeds":12,"minecraft:raw_gold":68,"minecraft:bell":2,"minecraft:grindstone":5,"minecraft:mossy_stone_bricks":4,"minecraft:fletching_table":1,"minecraft:glowstone_dust":53,"minecraft:oak_planks":139,"minecraft:cooked_porkchop":42,"minecraft:jungle_planks":3,"minecraft:dark_oak_log":1918,"minecraft:barrel":2,"minecraft:shulker_box":5,"minecraft:mossy_cobblestone":25,"minecraft:diamond":50,"minecraft:emerald":69,"minecraft:chainmail_helmet":1,"minecraft:golden_horse_armor":1,"minecraft:bread":1,"minecraft:oak_sapling":117,"minecraft:netherrack":54,"minecraft:diamond_pickaxe":2,"minecraft:crafting_table":3,"minecraft:azure_bluet":4,"minecraft:brown_mushroom":71,"minecraft:gold_block":2,"minecraft:cornflower":12,"minecraft:oak_trapdoor":3,"minecraft:iron_axe":1,"minecraft:iron_shovel":1,"minecraft:cracked_stone_bricks":1,"minecraft:cartography_table":1,"minecraft:beef":113,"minecraft:oak_boat":7,"minecraft:jungle_sapling":461,"minecraft:poppy":38,"minecraft:sugar_cane":276,"minecraft:blue_shulker_box":1,"minecraft:chest":4,"minecraft:birch_sapling":4,"minecraft:dark_oak_sapling":212,"minecraft:raw_iron":79,"minecraft:oak_door":6,"minecraft:fire_charge":2,"minecraft:redstone":167,"minecraft:dark_oak_planks":1,"minecraft:arrow":62,"minecraft:nether_bricks":25,"minecraft:diamond_boots":3,"minecraft:hay_block":20,"minecraft:mutton":2,"minecraft:rail":38,"minecraft:white_wool":7,"minecraft:oxeye_daisy":3,"minecraft:stripped_oak_log":43,"minecraft:leather":50,"minecraft:jungle_fence":1,"minecraft:filled_map":2,"minecraft:oak_log":421,"minecraft:jungle_button":68,"minecraft:yellow_bed":3,"minecraft:gunpowder":14,"minecraft:cobblestone_stairs":15,"minecraft:apple":49,"minecraft:stone_bricks":8,"minecraft:iron_ingot":109,"minecraft:oak_fence_gate":1,"minecraft:book":9,"minecraft:oak_slab":3,"minecraft:smooth_basalt":2,"minecraft:quartz":3,"minecraft:dandelion":27,"minecraft:gravel":239,"minecraft:amethyst_shard":5,"minecraft:spruce_sapling":113,"minecraft:blast_furnace":2,"minecraft:white_bed":3,"minecraft:spruce_log":507,"minecraft:spider_eye":2,"minecraft:stone_axe":2,"minecraft:chainmail_leggings":4,"minecraft:coal":57,"minecraft:sunflower":23},"minecraft:dropped":{"minecraft:iron_sword":1,"minecraft:brown_mushroom":7,"minecraft:diamond_axe":1,"minecraft:oak_log":19,"minecraft:dark_oak_sapling":188,"minecraft:cracked_stone_bricks":1,"minecraft:jungle_planks":45,"minecraft:rail":4,"minecraft:cod":2,"minecraft:emerald":33,"minecraft:cobblestone_stairs":15,"minecraft:dirt":28,"minecraft:dark_oak_log":64,"minecraft:jungle_button":64,"minecraft:cornflower":9,"minecraft:mutton":2,"minecraft:jungle_sapling":463,"minecraft:gold_nugget":2,"minecraft:sunflower":20,"minecraft:dark_oak_planks":1,"minecraft:white_wool":1,"minecraft:oak_door":6,"minecraft:gravel":11,"minecraft:stone_axe":62,"minecraft:cobbled_deepslate":5,"minecraft:wheat":93,"minecraft:birch_sapling":4,"minecraft:rotten_flesh":12,"minecraft:oak_planks":21,"minecraft:azure_bluet":4,"minecraft:poppy":28,"minecraft:oak_fence_gate":1,"minecraft:chest":1,"minecraft:arrow":144,"minecraft:beef":10,"minecraft:netherrack":1,"minecraft:bread":104,"minecraft:oak_slab":3,"minecraft:wheat_seeds":17,"minecraft:mossy_cobblestone":25,"minecraft:golden_horse_armor":1,"minecraft:diamond_leggings":1,"minecraft:oak_fence":6,"minecraft:cobblestone":46,"minecraft:apple":2,"minecraft:amethyst_block":5,"minecraft:chainmail_helmet":53,"minecraft:golden_apple":7,"minecraft:stick":190,"minecraft:oxeye_daisy":3,"minecraft:diamond_helmet":1,"minecraft:oak_stairs":134,"minecraft:iron_axe":15,"minecraft:jungle_boat":3,"minecraft:smooth_stone":16,"minecraft:chainmail_leggings":40,"minecraft:iron_shovel":1,"minecraft:string":4,"minecraft:bucket":2,"minecraft:spruce_sapling":89,"minecraft:smooth_basalt":2,"minecraft:dandelion":22,"minecraft:redstone":28,"minecraft:jungle_pressure_plate":64,"minecraft:oak_trapdoor":3,"minecraft:stone_sword":1,"minecraft:diamond_hoe":6,"minecraft:tuff":3,"minecraft:iron_boots":27,"minecraft:white_terracotta":28,"minecraft:nether_bricks":4,"minecraft:diamond_chestplate":2,"minecraft:diamond_pickaxe":2,"minecraft:mossy_stone_bricks":4,"minecraft:andesite":1,"minecraft:oak_sapling":98,"minecraft:stone_bricks":6,"minecraft:spider_eye":2,"minecraft:diamond_boots":2,"minecraft:calcite":2},"minecraft:crafted":{"minecraft:jungle_button":220,"minecraft:grindstone":2,"minecraft:oak_planks":1784,"minecraft:chainmail_helmet":52,"minecraft:stone":3,"minecraft:bookshelf":17,"minecraft:diamond_helmet":5,"minecraft:diamond_leggings":2,"minecraft:iron_boots":27,"minecraft:chest":3,"minecraft:arrow":336,"minecraft:emerald":1232,"minecraft:diamond_axe":6,"minecraft:crafting_table":2,"minecraft:spruce_planks":1504,"minecraft:jungle_boat":3,"minecraft:jungle_pressure_plate":64,"minecraft:smithing_table":1,"minecraft:fletching_table":9,"minecraft:brewing_stand":1,"minecraft:book":51,"minecraft:paper":153,"minecraft:diamond_pickaxe":2,"minecraft:stick":65677,"minecraft:stone_slab":6,"minecraft:iron_ingot":62,"minecraft:gold_ingot":97,"minecraft:shears":1,"minecraft:redstone":24,"minecraft:experience_bottle":12,"minecraft:diamond_hoe":6,"minecraft:furnace":1,"minecraft:yellow_bed":2,"minecraft:bone_meal":51,"minecraft:iron_axe":17,"minecraft:diamond_boots":2,"minecraft:dark_oak_planks":7224,"minecraft:chainmail_leggings":36,"minecraft:wheat":423,"minecraft:diamond_sword":3,"minecraft:enchanting_table":1,"minecraft:iron_sword":1,"minecraft:bucket":5,"minecraft:stone_axe":60,"minecraft:glowstone":18,"minecraft:bread":104,"minecraft:air":0,"minecraft:jungle_planks":22148,"minecraft:oak_boat":4,"minecraft:golden_apple":11,"minecraft:iron_shovel":1,"minecraft:white_bed":2,"minecraft:lapis_lazuli":12,"minecraft:diamond_chestplate":4},"minecraft:custom":{"minecraft:animals_bred":8,"minecraft:interact_with_crafting_table":54,"minecraft:open_shulker_box":103,"minecraft:bell_ring":46,"minecraft:leave_game":6,"minecraft:time_since_death":269589,"minecraft:sprint_one_cm":1198400,"minecraft:damage_blocked_by_shield":5509,"minecraft:drop":415,"minecraft:talked_to_villager":288,"minecraft:play_time":269589,"minecraft:jump":6832,"minecraft:walk_on_water_one_cm":28190,"minecraft:enchant_item":34,"minecraft:interact_with_furnace":22,"minecraft:traded_with_villager":1527,"minecraft:sleep_in_bed":14,"minecraft:damage_dealt":50448,"minecraft:crouch_one_cm":42236,"minecraft:mob_kills":132,"minecraft:interact_with_anvil":10,"minecraft:climb_one_cm":4275,"minecraft:walk_one_cm":582568,"minecraft:sneak_time":13238,"minecraft:walk_under_water_one_cm":19072,"minecraft:boat_one_cm":97302,"minecraft:total_world_time":269589,"minecraft:interact_with_grindstone":34,"minecraft:time_since_rest":102,"minecraft:damage_taken":3452,"minecraft:damage_absorbed":40,"minecraft:swim_one_cm":64396,"minecraft:fly_one_cm":1329244,"minecraft:open_chest":298,"minecraft:fall_one_cm":206388}},"DataVersion":3953}